symbol,mint,score,devSol,source,window_s,decision_s,reaction_s,hold_s,inTime,upside_pct,time_to_peak_s,dd_after_peak,tracked_s,f_devSol,f_priorGrads,f_priorCount,f_isMayhem,f_liq,f_liqSol,f_fdv,f_ageMin,f_vol5m,f_volH1,f_buyRatio5m,f_buyRatioH1,f_pcH1,f_volLiq,f_hasSocials,f_hasWebsite,f_nPairs,f_boosts,f_passedFilter,move_window_pct,slip_to_buy_pct,after_buy_pct,pnlPct,peakPnlPct,exitReason,price_eligible,price_sustained,price_queued,price_bought,price_fading,price_sold,price_collapsed,t_eligible,t_sustained,t_queued,t_bought,t_fading,t_collapsed,t_sold
"α","C9TaRCXNNs72tAN2UsUqmoQp5LDZrPrM22vv6auTpump","75","6.913580246","","","","","","","","","","","","","","","","","","","","","","","","","","","","","","","","","","","","0.000002106","","","","","","","2026-07-17T07:58:09.051Z","","","","","",""
"Jimothy","3zfQ2xTuAxrZoLJq7arR9PRkGcmiysF2SEfS35qRpump","63","3","","","","","","","","","","","","","","","","","","","","","","","","","","","","","","","","","","","","0.000002185","","","","","","","2026-07-17T07:58:15.620Z","","","","","",""
"bully","HfJDBCnLgFoXMAoQsAaNhT2RpSe7u9d2pAWd3o1Bpump","","","","","","","","","","","","","","","","","","","","","","","","","","","","","","","","","","","","","","","","","","","","1.451e-7","","","","","","2026-07-17T07:58:16.029Z",""
"NUX","DJsMwSY1UBPuVvt3JMqJz1fvTPHUxtusiJrG7NxAK5Hr","57","1.97530864","","","","","","","","","","","","","","","","","","","","","","","","","","","","","","","","","","","","0.000002088","","","","","","","2026-07-17T07:58:16.510Z","","","","","",""
"NUX","Agptzj2kB8cx6mZRy15cLbYLyo6yqUKBW9SKQVKGpump","63","3","","","","","","","0","0","-4.5","916","3","0","0","0","0","0","2185.89","3","617.32","617.32","0.571","0.571","-13.5","","0","0","1","0","0","","","","","","","0.000002185","0.000002185","","","","","","2026-07-17T07:58:26.795Z","2026-07-17T07:59:26.377Z","","","","",""
"AETHERION","6yLRMrjVUwaE14DUqbtxwJUL5PzBgUfjiMkExvSpump","63","3","","","","","","","","","","","","","","","","","","","","","","","","","","","","","","","","","","","","0.00000218","","","","","","","2026-07-17T07:58:35.605Z","","","","","",""
"cupin ","B7KqE4vidP24jrE86a8aq1S7X876XXQmcvDzYwbUpump","","","","","","","","","","","","","","","","","","","","","","","","","","","","","","","","","","","","","","","","","","","","2.694e-7","","","","","","2026-07-17T07:58:36.184Z",""
"Gecko","FJBn39YVfmmQ5osKEuMUGuQKCpE3L2TpSPcwd3YJpump","63","3","","","","","","","","","","","","","","","","","","","","","","","","","","","","","","","","","","","","0.000002185","","","","","","","2026-07-17T07:58:46.496Z","","","","","",""
"SOB","sobsH3nvr6KwPrZqGLCdYeXoEZ39wrvUuBkUAr3nx8v","79","9","","47.778","","","","","0","0","-73.7","148","9","0","0","0","0","0","8871.02","3","15410.3","15410.3","0.688","0.688","151","","1","1","1","0","1","-12.309773419005756","","","","","","0.000006852","0.000008871","","","0.000007779","","","2026-07-17T07:59:02.924Z","2026-07-17T08:00:14.205Z","","","2026-07-17T08:01:01.983Z","",""
"AHEGAO","HrNYWts1d8eputY99ix9DzadapcHXa4YNTpsvrdhpump","68","0.246913579","","","","","","","","","","","","","","","","","","","","","","","","","","","","","","","","","","","","0.000001663","","","","","","8.043e-8","2026-07-17T07:59:07.565Z","","","","","2026-07-17T07:59:38.208Z",""
"Squelcher","HYcJXLSCkUJ5q2kbLxWSDTLa19r1n1PFn7GbN6Kzpump","63","2.962962961","","","","","","","","","","","","","","","","","","","","","","","","","","","","","","","","","","","","0.000002087","","","","","","","2026-07-17T07:59:21.595Z","","","","","",""
"UPDOG","F4FPbCQdhD3VQBaH76skYMWNCquHkBMrRZwZwJAEpump","57","1.97530864","","24.219","","","","","","","","","1.97530864","0","0","0","0","0","4527.88","4","10642.68","10642.68","0.607","0.607","90.89","","0","0","1","0","1","-50.98299094322951","","","","","","0.00000463","0.000004527","","","0.000002219","","","2026-07-17T07:59:27.605Z","2026-07-17T08:02:13.975Z","","","2026-07-17T08:02:38.194Z","",""
"BULLISH","8tAGUjjBbeR1d2rfBHyyrVwHdnpbRymjnYNPTPcqpump","77","7.871604937","","","","","","","187.1","644","-66.9","904","7.871604937","0","0","0","0","0","3751.91","3","1162.86","1162.86","0.804","0.804","12.76","","0","0","1","0","0","","","","","","","0.000003488","0.000003751","","","","","","2026-07-17T07:59:36.081Z","2026-07-17T08:00:37.979Z","","","","",""
"MESSI","BAE9vQ437rkvnV5A1Z7Lz6chZj6aWnVHc1XGprZQpump","","","","","","","","","","","","","","","","","","","","","","","","","","","","","","","","","","","","","","","","","","","","1.001e-7","","","","","","2026-07-17T07:59:51.228Z",""
"REX","22x77qaoR9GYZAHWoTkPidKDCtF3rugnKXNVEHnKpump","57","1.975","","","","","","","","","","","","","","","","","","","","","","","","","","","","","","","","","","","","0.000002124","","","","","","","2026-07-17T07:59:51.641Z","","","","","",""
"50","7VQbp6ywtaWuRjD5PNRoEbBzndkvuXHB98dP7fZwpump","","","","","","","","","","","","","","","","","","","","","","","","","","","","","","","","","","","","","","","","","","","","1.021e-7","","","","","","2026-07-17T08:00:02.792Z",""
"KML","2Fc9eBMKYTw5NcLNK3yZTgwBhVhMQcHYC3N1MJtGpump","","","","","","","","","","","","","","","","","","","","","","","","","","","","","","","","","","","","","","","","","","","","1.094e-7","","","","","","2026-07-17T08:00:08.904Z",""
"HLD","4ruWXbXpkMEDwR2yMRGTtPLCWvcLjmFSPeaSaCZqpump","70","0.400000001","","","","","","","0","0","0","904","0.400000001","0","0","1","0","0","5548.98","3","306.58","306.58","0.576","0.576","159","","0","0","1","0","0","","","","","","","0.000005548","0.000005548","","","","","","2026-07-17T08:00:20.879Z","2026-07-17T08:01:38.060Z","","","","",""
"Ousado","AtnZvSoQd5b37jLu1EvtynwUtVupj3VXDrL9XbBspump","58","2.962962961","","","","","","","","","","","","","","","","","","","","","","","","","","","","","","","","","","","","0.000002625","","","","","","","2026-07-17T08:00:26.876Z","","","","","",""
"Squelcher","AK8DGFB1FhdD8uRzx1cgdy2z7phk3ytFYC6QsSgbpump","71","5","","","","","","","0","0","-1.8","906","5","0","0","0","0","0","2125.35","3","789.41","789.41","0.6","0.6","-25.17","","0","0","1","0","0","","","","","","","0.000002125","0.000002125","","","","","","2026-07-17T08:00:33.221Z","2026-07-17T08:01:55.976Z","","","","",""
"NDA","qyJVDofvgbqJMPrWKCj4ckkqBs6G3AyPvgeqYDKpump","87","18.765432097","","53.929","","","","","9.4","130","-71","910","18.765432097","0","0","0","0","0","6668.08","3","2291.54","2291.54","0.667","0.667","20.94","","0","0","1","0","0","-7.22855428914218","","","","","","0.000006186","0.000006668","","","0.000006186","","","2026-07-17T08:00:33.632Z","2026-07-17T08:02:02.044Z","","","2026-07-17T08:02:55.973Z","",""
"BUYmayhem","2W2gMxWbYzyS4TLxj2AwXKJYGtW8q5LgaB3pDwJdpump","65","0.060000001","","","","","","","0.1","204","-82.2","244","0.060000001","0","0","1","0","0","3973.1","3","5247.96","5247.96","0.572","0.572","89.65","","0","0","1","0","0","","","","","","","0.000002548","0.000003973","","","","","","2026-07-17T08:00:38.783Z","2026-07-17T08:02:07.976Z","","","","",""
"ワニサ","Eyh4Cb6w3QGsRN1trKyVEJS51CYxuTnHGj4mndGtpump","71","5","","","","","","","148","242","-87.9","902","5","0","0","0","0","0","10138.2","3","24252.72","24252.72","0.588","0.588","257","","0","0","1","0","1","","","","","","","0.000006095","0.00001013","","","","","","2026-07-17T08:00:56.895Z","2026-07-17T08:02:19.983Z","","","","",""
"50","2H7efP75WF723v9nBogLMieNLe8Qd4Eydhb7atmSpump","67","0.400000001","","","","","","","","","","","","","","","","","","","","","","","","","","","","","","","","","","","","0.000001467","","","","","","6.195e-7","2026-07-17T08:01:08.809Z","","","","","2026-07-17T08:02:08.201Z",""
"wCOIN","7jhQiwoxcYqrWLJEEuxqLEnQMZfiiCqgZR5cDWxDpump","63","3","","","","","","","0","0","0","904","3","0","0","0","0","0","2086.3","3","2469.94","2469.94","0.558","0.558","-17.36","","0","0","1","0","0","","","","","","","0.000002086","0.000002086","","","","","","2026-07-17T08:01:14.863Z","2026-07-17T08:02:38.200Z","","","","",""
"PHOENIX","8Rm3CrBzrFXCuqb7p8g3Yau6sNYPkUL1PcBjZfDLpump","","","","","","","","","","","","","","","","","","","","","","","","","","","","","","","","","","","","","","","","","","","","0.000002093","","","","","","2026-07-17T08:01:26.829Z",""
"KML","EDhBJZZzhAWBwg2yWQtfrd758hBuc2uNJYqs8aR4pump","","","","","","","","","","","","","","","","","","","","","","","","","","","","","","","","","","","","","","","","","","","","4.895e-7","","","","","","2026-07-17T08:01:44.849Z",""
"AHEGAO","F6yowDcX7bwMrL5qgHHJk6GFQpyMLzW4qUXT72nrpump","64","0.246913579","","","","","","","","","","","","","","","","","","","","","","","","","","","","","","","","","","","","0.000002343","","","","","","4.103e-7","2026-07-17T08:01:57.288Z","","","","","2026-07-17T08:02:56.188Z",""
"PHOENIX","3Yn5Ci7eDH3o1dQqdf73CHSzs9j1Gy9SrvHDWukxpump","67","5","","","","","","","","","","","","","","","","","","","","","","","","","","","","","","","","","","","","0.000002183","","","","","","","2026-07-17T08:01:57.616Z","","","","","",""
"HLD","DgLhbr5jbgMKRKFZTfYDK1Ri6YqJAmJKkdQLCKdYpump","","","","","","","","","","","","","","","","","","","","","","","","","","","","","","","","","","","","","","","","","","","","3.288e-7","","","","","","2026-07-17T08:02:08.793Z",""
"KML","D3W3VecvpsjfewjWuuLfksoL8qickRu6HsyhQmyNpump","","","","","","","","","","","","","","","","","","","","","","","","","","","","","","","","","","","","","","","","","","","","2.791e-7","","","","","","2026-07-17T08:02:26.829Z",""
"RBK","EmBvff3nTHPy16NmNZFmvzagUzMUJyVejyeNvLkjpump","","","","","","","","","","","","","","","","","","","","","","","","","","","","","","","","","","","","","","","","","","","","1.902e-7","","","","","","2026-07-17T08:02:38.852Z",""
"BODYBAGS","AtasQEJzbXvon6QGA1gvTMrs2C1iNbP267jMXg5Upump","60","2.5","","","","","","","","","","","","","","","","","","","","","","","","","","","","","","","","","","","","0.000002126","","","","","","","2026-07-17T08:02:51.867Z","","","","","",""
"YEE","4VYrs8xppbV1jpapaqGbeg9LMt4n772RXApwPowVpump","","","","","","","","","","","","","","","","","","","","","","","","","","","","","","","","","","","","","","","","","","","","8.53e-7","","","","","","2026-07-17T08:02:52.251Z",""
"Dobby","6yJRNrUdktEofJfZRZg5g5aFxavPJvosaVB9HKK6pump","57","1.97530864","","","","","","","","","","","","","","","","","","","","","","","","","","","","","","","","","","","","0.000002148","","","","","","","2026-07-17T08:02:52.673Z","","","","","",""
"SPODCAT","D8C4cpSYo4vECVV4an6pSk9FA7TY4Dhi8FKz1VqUpump","","","","","","","","","","","","","","","","","","","","","","","","","","","","","","","","","","","","","","","","","","","","2.532e-7","","","","","","2026-07-17T08:03:02.814Z",""
"BUYmayhem","Gr5M3zHXG5vK9x9ELUhyja2u8XPvfTkwopoayFJTpump","61","0.060000001","","","","","","","","","","","","","","","","","","","","","","","","","","","","","","","","","","","","0.000001593","","","","","","","2026-07-17T08:03:33.230Z","","","","","",""
"BELEGEND","39iUnRMRevCdsAVLXyiADgazYCWCAHRnL8CMgz4npump","64","0.523456789","","","","","","","0","0","0","910","0.523456789","0","3","1","0","0","5811.58","3","245.59","245.59","0.818","0.818","169","","0","0","1","0","0","","","","","","","0.0000058","0.000005811","","","","","","2026-07-17T08:03:33.599Z","2026-07-17T08:04:31.983Z","","","","",""
"VIB","8daXTgP2C6kK6goXujNzdcw1DAmJTheAmGiGXdrEpump","58","3","","","","","","","","","","","","","","","","","","","","","","","","","","","","","","","","","","","","0.000002185","","","","","","","2026-07-17T08:03:57.630Z","","","","","",""
"BLDR$","3c5oDScqAKAh6bbarVrMEqtpGvuhBfXiuZdbHsa6pump","65","0.060000001","","","","","","","","","","","","","","","","","","","","","","","","","","","","","","","","","","","","0.000001879","","","","","","","2026-07-17T08:03:58.026Z","","","","","",""
"REM","37rRXQ7MYMEHR6K6WoLSrdLjMnxb7FiWTydTKL9Ypump","","","","","","","","","","","","","","","","","","","","","","","","","","","","","","","","","","","","","","","","","","","","1.256e-7","","","","","","2026-07-17T08:03:58.500Z",""
"sol","4i5VvBxc9qpMagokbuiUSB5ZaTqBh8TdDnEtZUp3pump","65","0.069135801","","","","","","","","","","","","","","","","","","","","","","","","","","","","","","","","","","","","0.000001636","","","","","","","2026-07-17T08:04:09.007Z","","","","","",""
"BOML","GLNWFYS3RzRLagJS5gxosJRUN8u8XRmP3K5UEVLhpump","","","","","","","","","","","","","","","","","","","","","","","","","","","","","","","","","","","","","","","","","","","","9.467e-7","","","","","","2026-07-17T08:04:14.803Z",""
"ARGENTINA","6Z79jRvtd2ttmBi33bGJvkkP9SRrr3qjmKqr1iKcpump","69","0.600000001","","","","","","","","","","","","","","","","","","","","","","","","","","","","","","","","","","","","0.000002817","","","","","","","2026-07-17T08:04:20.843Z","","","","","",""
"RBK","2mKzJh8xnyE9zE9Di7sTMeqCqj8bcqs5NYDXE1kvpump","","","","","","","","","","","","","","","","","","","","","","","","","","","","","","","","","","","","","","","","","","","","4.017e-7","","","","","","2026-07-17T08:04:32.824Z",""
"ARGENTINA","J8eD2GMZtUhURYgx2fJZ9zhEgYR3hJc9hnBeaxjspump","","","","","","","","","","","","","","","","","","","","","","","","","","","","","","","","","","","","","","","","","","","","2.138e-7","","","","","","2026-07-17T08:04:38.809Z",""
"BUYmayhem","9NeJnGuKuVBYqTXTD9a592GYFgx8daPfMzWdXy1bpump","","","","","","","","","","","","","","","","","","","","","","","","","","","","","","","","","","","","","","","","","","","","4.396e-7","","","","","","2026-07-17T08:04:50.853Z",""
"REM","Dv5LH7RXGMuoru5ztP5Y4Y8ZFqNjrLKgVKwKqsH7pump","","","","","","","","","","","","","","","","","","","","","","","","","","","","","","","","","","","","","","","","","","","","3.47e-7","","","","","","2026-07-17T08:04:57.226Z",""
"BULLDOG","Ap3YYh8B8JH5ToucHJybeJTtthhbq9GizoeMKr1zpump","","","","","","","","","","","","","","","","","","","","","","","","","","","","","","","","","","","","","","","","","","","","7e-7","","","","","","2026-07-17T08:04:57.615Z",""
"AI","8o8y3H4KrvCxgx7Huh1QKHFeFLN3t2Mz5yChQ5qTpump","71","5","","","","","","","","","","","","","","","","","","","","","","","","","","","","","","","","","","","","0.000002085","","","","","","","2026-07-17T08:05:03.612Z","","","","","",""
"AI","5KVnJsPxWpUBhmuj7JMkMJk3fcpqC89PGwbSSCiZpump","71","5","","","","","","","","","","","","","","","","","","","","","","","","","","","","","","","","","","","","0.00000252","","","","","","","2026-07-17T08:05:04.058Z","","","","","",""
"ワニーサ","Am9VFwuuSJTFFggHoGCymdV46uVz9xbVsHGQ9ruEpump","57","2","","","","","","","","","","","","","","","","","","","","","","","","","","","","","","","","","","","","0.000002353","","","","","","","2026-07-17T08:05:04.404Z","","","","","",""
"BUYmayhem","Bk9tQPk7WqLS66eeKgLzkGHpb8Yo8YtzSmZjZZbipump","","","","","","","","","","","","","","","","","","","","","","","","","","","","","","","","","","","","","","","","","","","","3.755e-7","","","","","","2026-07-17T08:05:15.216Z",""
"HLD","J9PnEXnB7ZQg6C3YgowXbjrS26VbpgGwgs9b53JUpump","61","0.200000001","","","","","","","","","","","","","","","","","","","","","","","","","","","","","","","","","","","","0.000005523","","","","","","","2026-07-17T08:05:15.641Z","","","","","",""
"SSB","29v18QpDdbDfDWRqbytY85Lw8TK5uQTi3DbEF2Ywpump","75","6.913580245","","","","","","","","","","","","","","","","","","","","","","","","","","","","","","","","","","","","0.000007876","","","","","","","2026-07-17T08:05:27.195Z","","","","","",""
"GA","4n79ZayvKohsZnz7yJJ44fRFFeQ12AtQ8RyTUrXKpump","65","0.060000001","","","","","","","","","","","","","","","","","","","","","","","","","","","","","","","","","","","","0.00000162","","","","","","5.516e-7","2026-07-17T08:05:27.606Z","","","","","2026-07-17T08:06:08.180Z",""
"ARGENTINA","FwCvqifios8nBtFwTnqD3BkkuK7rh47rihQqWRE8pump","","","","","","","","","","","","","","","","","","","","","","","","","","","","","","","","","","","","","","","","","","","","9.951e-8","","","","","","2026-07-17T08:05:32.881Z",""
"Chiikawa","Dox766YSzPKspjH7GhXHHYEAvszpJZWAAHQWC1Gvpump","57","2","","","","","","","","","","","","","","","","","","","","","","","","","","","","","","","","","","","","0.000002188","","","","","","","2026-07-17T08:05:45.203Z","","","","","",""
"ワニーサ","HZcpBWHED47wV5czn5PD2RphkVQvnmh6vZYSnVBDpump","63","2.962962961","","","","","","","","","","","","","","","","","","","","","","","","","","","","","","","","","","","","0.000002184","","","","","","","2026-07-17T08:05:45.630Z","","","","","",""
"HLD","5Paxwr2vet12pgr8ZPZA6e9cmQXAcComWJPSyoXppump","61","0.300000001","","","","","","","","","","","","","","","","","","","","","","","","","","","","","","","","","","","","0.000002312","","","","","","","2026-07-17T08:05:50.827Z","","","","","",""
"Quasi","EawHPVmNi5xfXQDTmdGXZDHF7BGqY5Zj4YkvGR98pump","","","","","","","","","","","","","","","","","","","","","","","","","","","","","","","","","","","","","","","","","","","","","","","","","","",""
"MSI","8fEcuAizyhaLAcY8bSHMCcd9t7fNNKAN4bAuiRRppump","58","0.217283949","","","","","","","","","","","","","","","","","","","","","","","","","","","","","","","","","","","","0.000001715","","","","","","","2026-07-17T08:05:56.858Z","","","","","",""
"Wanisa","866AaEy8kbWK8F9qK4VmqJebGdhzSDBx5PqhS2Gmpump","57","1.97530864","","","","","","","","","","","","","","","","","","","","","","","","","","","","","","","","","","","","0.000002087","","","","","","","2026-07-17T08:06:02.779Z","","","","","",""
"HLD","FQeC76Sq5sn3S4M1iZ7WdGeSQMZbTGRs9AgUZeQ6pump","58","0.200000001","","","","","","","","","","","","","","","","","","","","","","","","","","","","","","","","","","","","0.000002509","","","","","","","2026-07-17T08:06:14.857Z","","","","","",""
"CEO","FcsQckNaaheLUx9M6Ad8yzg5mi5tNqQoZx1Pdkoxpump","","","","","","","","","","","","","","","","","","","","","","","","","","","","","","","","","","","","","","","","","","","","2.556e-7","","","","","","2026-07-17T08:09:14.886Z",""
"Nutflix","EtJbFrzawy5bpzeHjq4LeZTiGxacVz4Y9ywRVHjHB5Yy","63","3.950617282","","","","","","","","","","","","","","","","","","","","","","","","","","","","","","","","","","","","0.000003327","","","","","","","2026-07-17T08:09:45.223Z","","","","","",""
"WC26","PArWFUAvaCqrS8gEVBJPTMri34zYrmSd5jpZ1Pppump","","","","","","","","","","","","","","","","","","","","","","","","","","","","","","","","","","","","","","","","","","","","3.227e-7","","","","","","2026-07-17T08:09:45.820Z",""
"CEO","H1JCPwQpv7CiFqV3LVSV8PbpNV8rVRU3qd5HSru5pump","","","","","","","","","","","","","","","","","","","","","","","","","","","","","","","","","","","","","","","","","","","","2.589e-7","","","","","","2026-07-17T08:09:56.822Z",""
"at","DGHDPLdpCgu4QZDS7iEwJNgUygHSL95QgmVe7C3Vpump","","","","","","","","","","","","","","","","","","","","","","","","","","","","","","","","","","","","","","","","","","","","6.344e-7","","","","","","2026-07-17T08:10:15.296Z",""
"LALIGA","8ecvdgUSXLBc5D9sYHcBy4Dc3DWS2EZcYaYjJNKopump","","","","","","","","","","","","","","","","","","","","","","","","","","","","","","","","","","","","","","","","","","","","3.41e-7","","","","","","2026-07-17T08:10:20.812Z",""
"Nutflix","8MraihgjCxLw27w7rDuBdnoPUY7Y2pSd6pvr86z2pump","57","2","","","","","","","","","","","","","","","","","","","","","","","","","","","","","","","","","","","","0.000002084","","","","","","","2026-07-17T08:10:38.827Z","","","","","",""
"LIFE","77BwB58fKHMwZGTQV11h8SjQnqkGXzixB8ix18TNpump","56","2.962962961","","47.987","","","","","","","","","2.962962961","0","2","0","0","0","8185.36","3","12980.31","12980.31","0.629","0.629","225","","0","0","1","0","1","-70.32376298106293","","","","","","0.000007215","0.000008185","","","0.000002429","","0.000003018","2026-07-17T08:10:51.215Z","2026-07-17T08:12:02.216Z","","","2026-07-17T08:12:50.203Z","2026-07-17T08:14:50.187Z",""
"WC26","FYk5dkEHN1S55ULxcACguE1MhZFVybwYVHtxTLhJpump","","","","","","","","","","","","","","","","","","","","","","","","","","","","","","","","","","","","","","","","","","","","3.436e-7","","","","","","2026-07-17T08:10:51.632Z",""
"WC26","5hXA6UGLcwSaWyH1jX7D4oeeWiW8whsazHn7q5e5pump","","","","","","","","","","","","","","","","","","","","","","","","","","","","","","","","","","","","","","","","","","","","2.47e-7","","","","","","2026-07-17T08:11:08.861Z",""
"SPODCAT","AGFpDkSfUN1jXfL6jnkXmH82VFZ3YYmcktbXWd43pump","78","1.777777776","","12.006","","","","","0","0","-40.8","908","1.777777776","0","1","1","0","0","2699.15","3","152.92","152.92","1","1","15.3","","0","0","1","0","0","-40.75583549462763","","","","","","0.000001599","0.000002699","","","0.000001599","","","2026-07-17T08:11:25.984Z","2026-07-17T08:11:13.979Z","","","2026-07-17T08:11:25.985Z","",""
"LIFE","HzzSMqE5McztjYyHaAbsZEByHuyBUm38oaa2UonBpump","63","3","","42.212","","","","","0.1","8","-21.2","908","3","0","0","0","0","0","2641.67","3","783.42","783.42","0.667","0.667","4.69","","0","0","1","0","0","-21.090496024233257","","","","","","0.000002641","0.000002641","","","0.000002084","","","2026-07-17T08:11:14.822Z","2026-07-17T08:12:13.980Z","","","2026-07-17T08:12:56.192Z","",""
"BigBull","5M6cS2vV2NiMGCv3oKYgaDZnXzRXf26JoeU72Cqzpump","","","","","","","","","","","","","","","","","","","","","","","","","","","","","","","","","","","","","","","","","","","","3.529e-7","","","","","","2026-07-17T08:11:20.813Z",""
"at","3mLmLCe4JBS1bv7KuGXfASeRvhVwDHRzFPhhu23epump","","","","","","","","","","","","","","","","","","","","","","","","","","","","","","","","","","","","","","","","","","","","3.935e-7","","","","","","2026-07-17T08:11:38.796Z",""
"REM","8PBCxaTGuf37p6FfpYRmS26UmDAVrdoEMV9FPJ8opump","","","","","","","","","","","","","","","","","","","","","","","","","","","","","","","","","","","","","","","","","","","","2.593e-7","","","","","","2026-07-17T08:11:44.818Z",""
"TINY","i3bxUYR2AUvpJMEknEcuKevHpztBeff2iR7qPcMpump","57","0.100000001","","","","","","","","","","","","","","","","","","","","","","","","","","","","","","","","","","","","0.000003085","","","","","","4.831e-7","2026-07-17T08:12:02.801Z","","","","","2026-07-17T08:12:38.215Z",""
"PUMP","8BxThNjDePKjhms4c5zP5UdkstzxZggRtkn796G2pump","63","3.117283951","","","","","","","","","","","","","","","","","","","","","","","","","","","","","","","","","","","","0.000006753","","","","","","","2026-07-17T08:12:09.663Z","","","","","",""
"REM","6CZfghtkkLitBZaoY1D3jo27X1kMFYYBCjp5iT15pump","","","","","","","","","","","","","","","","","","","","","","","","","","","","","","","","","","","","","","","","","","","","9.393e-7","","","","","","2026-07-17T08:12:10.070Z",""
"EMOji","2hTD1WEymrB36rFuGTKS5fTVSbWiaxcBt7iSTCuspump","63","3","","","","","","","","","","","","","","","","","","","","","","","","","","","","","","","","","","","","0.000002084","","","","","","","2026-07-17T08:12:10.480Z","","","","","",""
"GODZILLA","7iBGMvnSFiL4kKQ1Gek3H1P2fdUwstcEtvyeVummpump","67","4","","","","","","","","","","","","","","","","","","","","","","","","","","","","","","","","","","","","0.000002123","","","","","","","2026-07-17T08:12:15.236Z","","","","","",""
"sol","6H23TiocnPBM5GkQ2vSczZFvaBygFf3ficfAQqnHpump","61","0.079012344","","89.997","","","","","0","0","-88.6","90","0.079012344","0","1","1","0","0","6385.6","3","3311.84","3311.84","0.563","0.563","205","","0","0","1","0","0","-88.61707126076742","","","","","","0.000005486","0.000006385","","","7.268e-7","","7.268e-7","2026-07-17T08:12:15.664Z","2026-07-17T08:13:32.250Z","","","2026-07-17T08:15:02.247Z","2026-07-17T08:15:02.246Z",""
"LIFE","G8qkp4gGBzsyxgjLfnpqrNYtWoCwQvDh382Kizt3pump","63","3","","","","","","","0","0","0","901","3","0","0","0","0","0","2098.23","3","2865.91","2865.91","0.554","0.554","-16.79","","0","0","1","0","0","","","","","","","0.000002098","0.000002098","","","","","","2026-07-17T08:12:27.265Z","2026-07-17T08:13:51.211Z","","","","",""
"at","C4VSoG6ygsnLoSNYFnDbSTmabbpKy9gYEWikf25Rpump","","","","","","","","","","","","","","","","","","","","","","","","","","","","","","","","","","","","","","","","","","","","2.829e-7","","","","","","2026-07-17T08:12:27.655Z",""
"BigBull","FbYmAQZjrPhcDquUtBBPLaTUguf6JgsqSZUxo3Agpump","","","","","","","","","","","","","","","","","","","","","","","","","","","","","","","","","","","","","","","","","","","","5.372e-7","","","","","","2026-07-17T08:12:38.835Z",""
"DN","8d8U8wxXKYGRdsPmQS7nv6mESvvUQsTfLtXPC2M8pump","63","2.962962961","","","","","","","","","","","","","","","","","","","","","","","","","","","","","","","","","","","","0.000002109","","","","","","","2026-07-17T08:12:44.827Z","","","","","",""
"BC","59uUNHQWDabzTsRhVo2Fxh1EypKX8CpH8pVkPY6Jpump","58","3","","","","","","","","","","","","","","","","","","","","","","","","","","","","","","","","","","","","0.000002254","","","","","","","2026-07-17T08:12:50.820Z","","","","","",""
"SHRUCK","Bg59szqqh4ANdAEuYaJR7a6PWrT8HUofwacV1t8Wpump","67","5","","","","","","","","","","","","","","","","","","","","","","","","","","","","","","","","","","","","0.000007341","","","","","","","2026-07-17T08:13:03.664Z","","","","","",""
"HLD","FNExg4Ue42rmQQPBM3yME4RyWzvv3BGXH1qu5NxApump","56","0.250000001","","204.251","","","","","","","","","0.250000001","0","6","1","0","0","5028.99","3","94.73","94.73","0.778","0.778","137","","0","0","1","0","0","0.13922036595067827","","","","","","0.000005028","0.000005028","","","0.000005035","","","2026-07-17T08:13:04.076Z","2026-07-17T08:14:19.977Z","","","2026-07-17T08:17:44.228Z","",""
"BigBull","3VQcMHk8mHzaxVf2VCVCvZuchkb7bDbNugZLCRvPpump","","","","","","","","","","","","","","","","","","","","","","","","","","","","","","","","","","","","","","","","","","","","3.989e-7","","","","","","2026-07-17T08:13:04.471Z",""
"Wifout","7NBfwfvt8iomw2w789jGC1H6Be3gfVXLQddXoE7Apump","58","2.18148148","","","","","","","","","","","","","","","","","","","","","","","","","","","","","","","","","","","","0.000002085","","","","","","","2026-07-17T08:13:33.694Z","","","","","",""
"PFC","4BgKw1YM7tBH4Ppr2uQnwCBGHGtRVU7qczPuGbSYpump","","","","","","","","","","","","","","","","","","","","","","","","","","","","","","","","","","","","","","","","","","","","1.383e-7","","","","","","2026-07-17T08:13:34.157Z",""
"1000","F3R4zq3XjRGkYaXhhLJHFw55Tdb4ZKCwmMjZoKFjpump","59","0.600000001","","","","","","","","","","","","","","","","","","","","","","","","","","","","","","","","","","","","0.000001617","","","","","","","2026-07-17T08:13:34.502Z","","","","","",""
"HLD","2zBf5xUA5USqW6CT8Sq5idiNMSC71sgrVxWiRWK9pump","","","","","","","","","","","","","","","","","","","","","","","","","","","","","","","","","","","","","","","","","","","","3.05e-7","","","","","","2026-07-17T08:13:38.857Z",""
"SPODCAT","2LBkJZUiLYm4RzJQNdXdCtK5XNZLs9jWRXVjcBW7pump","","","","","","","","","","","","","","","","","","","","","","","","","","","","","","","","","","","","","","","","","","","","3.432e-7","","","","","","2026-07-17T08:13:51.837Z",""
"CEO","GVtD3AbjdxPdCjooGShUPgrcnuUozhycZKSpGvKepump","55","0.09876543","","","","","","","","","","","","","","","","","","","","","","","","","","","","","","","","","","","","0.000003842","","","","","","4.352e-7","2026-07-17T08:13:57.230Z","","","","","2026-07-17T08:14:56.191Z",""
"poh","4mPJ9JBiwV9cizTmL8M3jH8QBRMZc1xAxPKMYh2zpump","63","3","","","","","","","","","","","","","","","","","","","","","","","","","","","","","","","","","","","","0.000002085","","","","","","","2026-07-17T08:13:57.640Z","","","","","",""
"TICKET","C3Nm5LQrseCMkGiZizAXW5nBhTiyF2dfAWE1t4Cjpump","58","3","","","","","","","","","","","","","","","","","","","","","","","","","","","","","","","","","","","","0.000002816","","","","","","0.000002176","2026-07-17T08:14:09.663Z","","","","","2026-07-17T08:18:26.223Z",""
"1000","26ZrHiZFQr4ufeJiVZzssUEf4Ho6tFeHeiQuUs32pump","62","0.900000001","","","","","","","","","","","0.900000001","0","10","1","0","0","8870.88","3","602.64","602.64","0.63","0.63","301","","0","0","1","0","0","","","","","","","0.00000887","0.00000887","","","","","","2026-07-17T08:14:10.082Z","2026-07-17T08:15:50.083Z","","","","",""
"SHK","Gxhdr2n4ARwRKd3ijr6vZS6L6YeNfsJ3SoVkcShDpump","","","","","","","","","","","","","","","","","","","","","","","","","","","","","","","","","","","","","","","","","","","","4.048e-7","","","","","","2026-07-17T08:14:10.450Z",""
"AHEGAO","Gg87byhBvSy8SyyReu9KoQDL8nQojA4FmW15Ckbwpump","","","","","","","","","","","","","","","","","","","","","","","","","","","","","","","","","","","","","","","","","","","","9.389e-8","","","","","","2026-07-17T08:14:14.810Z",""
"PFC","DXW6aFGro7zfzc1M7GF7YayfecwbFBRGrxiDZ4EYpump","","","","","","","","","","","","","","","","","","","","","","","","","","","","","","","","","","","","","","","","","","","","9.505e-7","","","","","","2026-07-17T08:14:26.979Z",""
"FIRST","CHyoSeV1tBULwNi9XPA99iBWJuo9Ms9TirWwbCSQpump","","","","","","","","","","","","","","","","","","","","","","","","","","","","","","","","","","","","","","","","","","","","1.518e-7","","","","","","2026-07-17T08:14:32.797Z",""
"1000","Eho3yVLnB1wCkUhar8qXshbQ7VuXuuk8oqXURJHpump","","","","","","","","","","","","","","","","","","","","","","","","","","","","","","","","","","","","","","","","","","","","3.352e-7","","","","","","2026-07-17T08:14:44.881Z",""
"at","35gdDoBgCCcS1WrBtLdUR5seNRPUD37NVfiwrTgBpump","","","","","","","","","","","","","","","","","","","","","","","","","","","","","","","","","","","","","","","","","","","","0.000001147","","","","","","2026-07-17T08:14:56.993Z",""
"Yuki-Chan","2asCxWAEimjpEEYeXrrdEbCeyCnPaTYB4xHVHYRmpump","60","2.518518517","","","","","","","","","","","","","","","","","","","","","","","","","","","","","","","","","","","","0.000002256","","","","","","","2026-07-17T08:15:02.858Z","","","","","",""
"Wifout","7YCTXLpRn1zSgfU7o99RsyCnu7B8vUJAs9HxXKvMpump","62","2.765432097","manual","","115.67","","","","","","","","2.765432097","0","0","0","0","0","6959.94","3","9752.39","9752.39","0.571","0.571","180","","0","0","1","0","1","","","","","","","0.000004956","0.000006959","0.000009599","","","","","2026-07-17T08:15:08.857Z","2026-07-17T08:16:50.367Z","2026-07-17T08:18:46.037Z","","","",""
"PFC","HWdyLLGioBucVVL1dDnGC8yoycZaAy6uspoNZ1MFpump","61","0.720987653","","","","","","","","","","","","","","","","","","","","","","","","","","","","","","","","","","","","0.000002165","","","","","","","2026-07-17T08:15:14.843Z","","","","","",""
"$BULLY","Ffkt1xGcRrwsyvYvDzA6HBwSHNbFnQuBmkPp11hXpump","","","","","","","","","","","","","","","","","","","","","","","","","","","","","","","","","","","","","","","","","","","","4.087e-7","","","","","","2026-07-17T08:15:32.949Z",""
"AHEGAO","FsfW8NPoP5brKEwPDUNGPnqRhjDVMDGvEj3mMo83pump","","","","","","","","","","","","","","","","","","","","","","","","","","","","","","","","","","","","","","","","","","","","1.923e-7","","","","","","2026-07-17T08:15:38.807Z",""
"Roodabeguh","GAN77syL7vQHmqjCeYqq8yxHyBeuTMgGDbKFrj9Wpump","58","3","","149.842","","","","","","","","","3","0","1","0","0","0","2126.2","3","724.23","724.23","0.667","0.667","-15.8","","0","0","1","0","0","-2.1636876763875854","","","","","","0.000002126","0.000002126","","","0.00000208","","","2026-07-17T08:15:44.894Z","2026-07-17T08:17:38.202Z","","","2026-07-17T08:20:08.044Z","",""
"$BULLY","kzVFEGJQ68fbdPzAT9fsUVKyYjqQnt3Hs7SBiHnpump","","","","","","","","","","","","","","","","","","","","","","","","","","","","","","","","","","","","","","","","","","","","7.373e-7","","","","","","2026-07-17T08:16:02.810Z",""
"SHRUCK","7WAAPuj9kgvkqqqjZgN1S4pwsgcapa39bJ1SemHepump","57","2","","","","","","","","","","","","","","","","","","","","","","","","","","","","","","","","","","","","0.00000216","","","","","","","2026-07-17T08:16:09.240Z","","","","","",""
"CASINO","ABzXi4JYXjcHsR5cXS1nVar2myHixkXGnrJsParipump","56","3","","","","","","","","","","","","","","","","","","","","","","","","","","","","","","","","","","","","0.0000021","","","","","","","2026-07-17T08:16:09.627Z","","","","","",""
"SOLANA","FZFpd6QiBMFiFvF9ZgepYhwcHqx1N1swaBf8xy7Ypump","63","3","","","","","","","","","","","","","","","","","","","","","","","","","","","","","","","","","","","","0.000002086","","","","","","","2026-07-17T08:16:20.849Z","","","","","",""
"Crying","C3JqccEGuApxAVmJtXyQvQeG4Nbekdr35i3UeCLSpump","56","3","","","","","","","","","","","","","","","","","","","","","","","","","","","","","","","","","","","","0.000002086","","","","","","","2026-07-17T08:16:27.260Z","","","","","",""
"翻译","2uFrfdrnRW86FufcUKj2oFJoFpywuwygwDUKheYhpump","67","3.901234566","","120.125","","","","","","","","","3.901234566","0","0","0","0","0","2083.78","4","1694.32","1694.32","0.565","0.565","-21.82","","0","0","1","0","0","0","","","","","","0.000002266","0.000002083","","","0.000002083","","","2026-07-17T08:16:27.677Z","2026-07-17T08:19:02.056Z","","","2026-07-17T08:21:02.181Z","",""
"❤️","H6KB75aMqEuMNpRwG8aXmi6YJCT4SNAkZxXqDMThpump","67","4","","","","","","","","","","","","","","","","","","","","","","","","","","","","","","","","","","","","0.000002581","","","","","","","2026-07-17T08:16:33.821Z","","","","","",""
"organic","HA8dYz4tuUKduDWNmDgVZhfCHX6egaUTKsdiLDtXpump","","","","","","","","","","","","","","","","","","","","","","","","","","","","","","","","","","","","","","","","","","","","2.169e-7","","","","","","2026-07-17T08:16:34.195Z",""
"$BULLY","GHsKqji7zuAorSEENuw3ULE6UsDsGnsQPD7hfmRwpump","","","","","","","","","","","","","","","","","","","","","","","","","","","","","","","","","","","","","","","","","","","","2.886e-7","","","","","","2026-07-17T08:16:34.717Z",""
"BoB","8Re3o8zxzWLzqUj9BrBWgKYpZavYnLz98MqYfgVzpump","68","0.250000001","","","","","","","","","","","0.250000001","0","0","1","0","0","7243.56","3","240.77","240.77","0.653","0.653","241","","0","0","1","0","0","","","","","","","0.000001909","0.000007243","","","","","","2026-07-17T08:16:39.251Z","2026-07-17T08:18:32.275Z","","","","",""
"HLD","A6cnWXDS3g24dkY6eJKtE99z3waKr9hBUd29A31Lpump","59","0.500000001","","60.004","","","","","","","","","0.500000001","0","8","1","0","0","5432.22","4","541.66","541.66","0.607","0.607","152","","0","0","1","0","0","-86.98085419734905","","","","","","0.000003779","0.000005432","","","7.072e-7","","7.072e-7","2026-07-17T08:16:39.724Z","2026-07-17T08:18:38.194Z","","","2026-07-17T08:19:38.198Z","2026-07-17T08:19:38.196Z",""
"LIFE","Tk2TRQhDA1r7WtCPzD89uGGdFq1LXZjqkLMLMxQpump","63","2.962962961","","","","","","","","","","","","","","","","","","","","","","","","","","","","","","","","","","","","0.000002084","","","","","","","2026-07-17T08:16:50.980Z","","","","","",""
"MESSI","9f1gaF554NXdNsVVqzwFgrEGtwiZ8RTRc36DTxFQpump","61","1.000000001","","","","","","","","","","","","","","","","","","","","","","","","","","","","","","","","","","","","0.000002938","","","","","","","2026-07-17T08:17:03.268Z","","","","","",""
"MESSI","U7FirNwUaEWns5SNGTQFisTaptLdKfkt8LfutrUpump","59","0.900000001","","","","","","","","","","","","","","","","","","","","","","","","","","","","","","","","","","","","0.000001396","","","","","","","2026-07-17T08:17:32.856Z","","","","","",""
"THEM","Hz2R9xSHFvuf9YrbMxpjiYdsq1LNomaQRXom5nwHpump","","","","","","","","","","","","","","","","","","","","","","","","","","","","","","","","","","","","","","","","","","","","9.543e-7","","","","","","2026-07-17T08:17:38.787Z",""
"ANTAIL","CD2qTnjwE5qDxzQzzpZyLzfQhcvbKBHTNvEe9pQMpump","","","","","","","","","","","","","","","","","","","","","","","","","","","","","","","","","","","","","","","","","","","","2.77e-7","","","","","","2026-07-17T08:17:56.817Z",""
"Bob","7G12PmBUSiFR1XyD7C2J9hbYFH5Hjf1Sx24ajvo7pump","57","2","manual","89.751","43.525","15.641","411.356","yes","","","","","2","0","0","0","0","0","3946.69","3","9502.17","9502.17","0.578","0.578","66.51","","0","0","1","0","1","-20.324379118094278","-16.985097559599605","-4.022508562112773","24.41","141.23","TRAIL_STOP","0.000003316","0.000003946","0.000003946","0.0000032757680502981996","0.000003144","0.000003912","","2026-07-17T08:18:08.830Z","2026-07-17T08:19:44.219Z","2026-07-17T08:20:27.744Z","2026-07-17T08:20:43.385Z","2026-07-17T08:21:13.970Z","","2026-07-17T08:27:34.741Z"
"💹🧲","FVAx3GdwRaKvYXBLzgZntdiujPd8fGYui3nBpSinpump","65","3.5","","","","","","","","","","","","","","","","","","","","","","","","","","","","","","","","","","","","0.000007948","","","","","","0.000002382","2026-07-17T08:18:44.986Z","","","","","2026-07-17T08:22:26.206Z",""
"THEM","8ttdW13ZhdJztXzJtEnD9WUZvg5vyrm5udxn3sBjpump","","","","","","","","","","","","","","","","","","","","","","","","","","","","","","","","","","","","","","","","","","","","5.578e-8","","","","","","2026-07-17T08:18:50.870Z",""
"ARGENTINA","6Wx1cRe6VuTAu1fKkNCkBC46xvQYfsfGHky3B1DNpump","59","0.900000001","","","","","","","","","","","0.900000001","0","17","1","0","0","8192.81","3","1415.02","1415.02","0.625","0.625","271","","0","0","1","0","0","","","","","","","0.000008192","0.000008192","","","","","","2026-07-17T08:18:56.916Z","2026-07-17T08:20:19.976Z","","","","",""
"PAWS","2rDEyurspqqoF6aTdyBbpSATe5GUMEg8XorHo12Kpump","61","0.500000001","","","","","","","","","","","0.500000001","0","5","1","0","0","3159.83","3","793.86","793.86","0.582","0.582","46.98","","0","0","1","0","0","","","","","","","0.000001924","0.000003159","","","","","","2026-07-17T08:19:26.825Z","2026-07-17T08:21:02.193Z","","","","",""
"RBK","Czatmd1ZrhgwEDJq49ZNwoV6goCFskJSzpQp1wpJpump","","","","","","","","","","","","","","","","","","","","","","","","","","","","","","","","","","","","","","","","","","","","1.335e-7","","","","","","2026-07-17T08:19:33.232Z",""
"ARGENTINA","Cmt58f2Vnd334DiS4yGngmxLeYzxT3xsWcpENBNTpump","","","","","","","","","","","","","","","","","","","","","","","","","","","","","","","","","","","","","","","","","","","","8.959e-7","","","","","","2026-07-17T08:19:33.700Z",""
"URKL","J4TsJJ8tTHECrRzK1DAqCKjT5sdyenFaityUSGXdpump","63","3","","","","","","","","","","","","","","","","","","","","","","","","","","","","","","","","","","","","0.000002119","","","","","","","2026-07-17T08:20:09.228Z","","","","","",""
"WC26","3XdSmWYJTtmmgf6cVRwRHSy78HcS58DNEdz72eu3pump","","","","","","","","","","","","","","","","","","","","","","","","","","","","","","","","","","","","","","","","","","","","0.000001082","","","","","","2026-07-17T08:20:09.633Z",""
"URKL","9mU591QnD1o6Dxx33fEpDHzpSH3qv3ittaHo5mVLpump","56","3","","","","","","","","","","","","","","","","","","","","","","","","","","","","","","","","","","","","0.000002119","","","","","","","2026-07-17T08:20:15.205Z","","","","","",""
"URKL","4yfR6pvTwb8a7zZMo6NQH3RfMsGDW8a8vLr2S4xkpump","58","3","","","","","","","","","","","","","","","","","","","","","","","","","","","","","","","","","","","","0.000002119","","","","","","","2026-07-17T08:20:15.603Z","","","","","",""
"MURDERBOT","8BEH1Vd6SxZUs27nNwiaDtqUJVbfH6fPFRjBX5iBpump","63","4","","","","","","","","","","","","","","","","","","","","","","","","","","","","","","","","","","","","0.000002082","","","","","","","2026-07-17T08:20:32.824Z","","","","","",""
"ゴジラ","29CCoaxjB2co3vwGWtZiTRexJbrEC6TEmCuvdrsapump","58","3","","","","","","","","","","","3","0","1","0","0","0","2080.43","4","2006.73","2006.73","0.559","0.559","-17.36","","0","0","1","0","0","","","","","","","0.000002083","0.00000208","","","","","","2026-07-17T08:20:39.267Z","2026-07-17T08:22:43.969Z","","","","",""
"BFC","3U9MdqHQCgVoUKhJorLzosKpCq1F1upDmE9W65njpump","60","2.5","","","","","","","","","","","","","","","","","","","","","","","","","","","","","","","","","","","","0.000003564","","","","","","0.000002088","2026-07-17T08:20:39.634Z","","","","","2026-07-17T08:24:50.193Z",""
"WC26","9iXWXwdFH2UbLhMNnD4EirQEbbsLisC9LU7XYxdJpump","","","","","","","","","","","","","","","","","","","","","","","","","","","","","","","","","","","","","","","","","","","","6.55e-7","","","","","","2026-07-17T08:20:45.204Z",""
"💹🧲🪙","6riThuB9rQ8rLUGESLZriM8stzRMwm4jNGNHyWV7pump","57","2","","191.999","","","","","","","","","2","0","0","0","0","0","2119.43","3","319.24","319.24","0.75","0.75","-10.44","","0","0","1","0","0","-1.6517225106182203","","","","","","0.000002119","0.000002119","","","0.000002084","","","2026-07-17T08:20:45.708Z","2026-07-17T08:22:01.967Z","","","2026-07-17T08:25:13.966Z","",""
"DIPSHIT","CnmiREEfMJgfmgcGJ75FHCkjEUBfnT2TDbJdzrj8pump","","","","","","","","","","","","","","","","","","","","","","","","","","","","","","","","","","","","","","","","","","","","4.791e-7","","","","","","2026-07-17T08:20:56.850Z",""
"1000","7MxjrkeYn7XNxyayNioQT9vBY17k3aDqzcjrLiS4pump","","","","","","","","","","","","","","","","","","","","","","","","","","","","","","","","","","","","","","","","","","","","4.852e-7","","","","","","2026-07-17T08:21:33.267Z",""
"Nibordooh","8N6HJM4t6ByWr4LNC2Z2yGPmZMMbRtnm5QtShU1ipump","58","3","","","","","","","","","","","","","","","","","","","","","","","","","","","","","","","","","","","","0.000002081","","","","","","","2026-07-17T08:21:33.610Z","","","","","",""
"HLD","6haDD8uPb9wmFzPFmwM8jg68PXpQBfWeWXLey3sMpump","60","0.700000001","","","","","","","","","","","","","","","","","","","","","","","","","","","","","","","","","","","","0.0000028","","","","","","0.000001267","2026-07-17T08:21:44.873Z","","","","","2026-07-17T08:22:38.202Z",""
"PRINT","7kEhjE6n3wTGYgZtm9RmWorYPjsi91xtPKCNBRYUpump","56","0.200000001","","","","","","","","","","","","","","","","","","","","","","","","","","","","","","","","","","","","0.000003511","","","","","","5.907e-7","2026-07-17T08:21:57.277Z","","","","","2026-07-17T08:22:38.178Z",""
"sol","HYER4dhgYq6wQ6Me9YwQ4zNfaZY6s946m3iN3iHApump","","","","","","","","","","","","","","","","","","","","","","","","","","","","","","","","","","","","","","","","","","","","9.226e-7","","","","","","2026-07-17T08:21:57.707Z",""
"VACATION ","EFujBKUFro5Bnhzscs5tu73kBpVnqW9AeEQ5Knsqpump","","","","","","","","","","","","","","","","","","","","","","","","","","","","","","","","","","","","","","","","","","","","0.000001158","","","","","","2026-07-17T08:22:09.229Z",""
"1000","9hMwYNPeCoM2SBXhTYmBk7Tzzgz9mwoe9hy7kjaxpump","","","","","","","","","","","","","","","","","","","","","","","","","","","","","","","","","","","","","","","","","","","","3.432e-7","","","","","","2026-07-17T08:22:09.695Z",""
"ASC","HvkkstJ9SiS2UykDkoFN2wA2iJbprqWkwTJCfqJvpump","","","","","","","","","","","","","","","","","","","","","","","","","","","","","","","","","","","","","","","","","","","","3.488e-7","","","","","","2026-07-17T08:22:26.888Z",""
"Toly","AwTQ3mcdLbT7kxk7Bn5d7MChSHNuT2s6X5n9wMLJpump","63","3.901234566","manual","48.006","195.801","10.168","211.056","LATE","","","","","3.901234566","0","1","0","0","0","3373.25","3","3185.04","3185.04","0.627","0.627","26.9","","0","0","1","0","0","-16.009487103468732","18.95475217420409","-29.392889849805414","-100","14.52","BREAK_EVEN_SL","0.000003002","0.000003373","0.000003784","0.000004012343790835904","0.000002833","0.000003797","","2026-07-17T08:22:32.832Z","2026-07-17T08:23:37.964Z","2026-07-17T08:26:53.765Z","2026-07-17T08:27:03.933Z","2026-07-17T08:24:25.970Z","","2026-07-17T08:30:34.989Z"
"Ivy","3pensb4Pd8woqPKGPX6XWfW1jqL41Mte64g1H4SZpump","60","2.469135801","","","","","","","","","","","","","","","","","","","","","","","","","","","","","","","","","","","","0.000002445","","","","","","0.000002085","2026-07-17T08:22:50.790Z","","","","","2026-07-17T08:27:14.199Z",""
"AHEGAO","gJ6Een24tFnDxMzgoJNx6guVvHvs1x7dzqvpg1qpump","","","","","","","","","","","","","","","","","","","","","","","","","","","","","","","","","","","","","","","","","","","","0.000001237","","","","","","2026-07-17T08:22:56.790Z",""
"Ivy","CwbfmbuaJrV8vRtkATA6AkS65UesrumVPEk6Su6vpump","58","3","","","","","","","","","","","","","","","","","","","","","","","","","","","","","","","","","","","","0.000006298","","","","","","0.00000295","2026-07-17T08:23:21.197Z","","","","","2026-07-17T08:27:38.272Z",""
"ASC","GGdRzcvtsCGQjWwcQk61bUYpo6y4UwDb85sybu2Upump","","","","","","","","","","","","","","","","","","","","","","","","","","","","","","","","","","","","","","","","","","","","9.152e-7","","","","","","2026-07-17T08:23:21.646Z",""
"VACATION ","E2k5B8yUuAiTa5jVyR4itP9Mf8s7TArUH8EGKLEUpump","","","","","","","","","","","","","","","","","","","","","","","","","","","","","","","","","","","","","","","","","","","","1.745e-7","","","","","","2026-07-17T08:23:26.812Z",""
"Princess","3abLc5ts3yEdAhcN6aHW4RYPepreE84ZHzt14axwpump","58","3","manual","287.937","214.668","10.422","72.182","yes","","","","","3","0","1","0","0","0","5716.7","3","12385.03","12385.03","0.573","0.573","127","","0","0","1","0","1","30.30090972708187","65.7180337615549","-21.371919054647563","-21.44","0","STOP_LOSS","0.000005173","0.000005716","0.00001075","0.000009472442809810478","0.000007448","0.000007448","","2026-07-17T08:24:02.885Z","2026-07-17T08:25:08.026Z","2026-07-17T08:28:42.694Z","2026-07-17T08:28:53.116Z","2026-07-17T08:29:55.963Z","","2026-07-17T08:30:05.298Z"
"ASC","9m84RGXFaFcJocbsMzP9hDqXKpNRuniub97ybjiMpump","64","1.283950616","","","","","","","","","","","1.283950616","0","15","1","0","0","3957.61","3","497.76","497.76","0.563","0.563","74.72","","0","0","1","0","0","","","","","","","0.000003957","0.000003957","","","","","","2026-07-17T08:24:14.825Z","2026-07-17T08:25:19.965Z","","","","",""
"EUDROOLREAD","2v2W5RVjaVqVNcBhiH1yQ71rPda7JmDrTNxnyRDZiEsp","57","1.97530864","","204.243","","","","","","","","","1.97530864","0","0","0","0","0","2179.75","3","714.63","714.63","0.556","0.556","-7.86","","0","0","1","0","0","-4.497475906379061","","","","","","0.000002179","0.000002179","","","0.000002081","","","2026-07-17T08:24:32.806Z","2026-07-17T08:25:31.966Z","","","2026-07-17T08:28:56.209Z","",""
"lop","6HdScs8jHjBxJgDNnSYC4Q6ZqULjSGhJTHTDhhRopump","57","0.098765431","","","","","","","","","","","0.098765431","0","3","1","0","0","2130.15","3","62.5","62.5","0.727","0.727","1.57","","0","0","1","0","0","","","","","","","0.000002117","0.00000213","","","","","","2026-07-17T08:26:09.303Z","2026-07-17T08:27:07.980Z","","","","",""
"HSPEC","3Cmy4ykusDTej7jzwxARrgPYxHsitctvYd3SKVAnpump","","","","","","","","","","","","","","","","","","","","","","","","","","","","","","","","","","","","","","","","","","","","2.888e-7","","","","","","2026-07-17T08:26:09.655Z",""
"AHEGAO","99q7w5PZobYaxwrQ4s5LBmj24VAf8HVTmMbFUhZmpump","55","0.493827159","","","","","","","","","","","","","","","","","","","","","","","","","","","","","","","","","","","","0.000002672","","","","","","5.76e-7","2026-07-17T08:26:44.807Z","","","","","2026-07-17T08:27:20.230Z",""
"😂","EbjKeRkh72uhbFRBD6nagDziGBccBeBMUvo4ESFrpump","63","2.962962961","","","","","","","","","","","","","","","","","","","","","","","","","","","","","","","","","","","","0.000002121","","","","","","","2026-07-17T08:27:02.883Z","","","","","",""
"REM","2JWevHpty7Vqy4eVht3FUSAjMA25CmNt2qVX2TuWpump","60","0.98765432","","18.219","","","","","0","0","-75.3","26","0.98765432","0","16","1","0","0","6753.43","3","10066.25","10066.25","0.615","0.615","204","","0","0","1","0","0","-75.34429142603287","","","","","","0.000003106","0.000006753","","","0.000001665","","7.3e-7","2026-07-17T08:27:26.819Z","2026-07-17T08:28:25.966Z","","","2026-07-17T08:28:44.185Z","2026-07-17T08:29:20.196Z",""
"旺旺","3LgMcZVbDUS4XebnT6pYdYebS57sRFGcLGSR3Exkpump","63","2.962962961","","","","","","","","","","","","","","","","","","","","","","","","","","","","","","","","","","","","0.000003977","","","","","","","2026-07-17T08:27:38.887Z","","","","","",""
"lol","EFYvpZ8Ms1ozHpSbUaMV9STktoLEABBKvdkZLxHTpump","","","","","","","","","","","","","","","","","","","","","","","","","","","","","","","","","","","","","","","","","","","","8.522e-7","","","","","","2026-07-17T08:27:51.042Z",""
"Life ","AWynp6JGHNWtUtpSq9DxyeGuoffj9jrk4PvxP588pump","67","3.950617282","","","","","","","","","","","","","","","","","","","","","","","","","","","","","","","","","","","","0.000002165","","","","","","","2026-07-17T08:27:56.888Z","","","","","",""
"王王","8HjE4uhJr2SDfrDVbJu19fk4jqEZbfTigYkANtiPpump","60","2.4691358","","36.034","","","","","0","0","-70.7","68","2.4691358","0","0","0","0","0","10739.27","3","19519.74","19519.74","0.583","0.583","341","","0","0","1","0","1","-42.460391425908675","","","","","","0.000005835","0.00001073","","","0.000006174","","","2026-07-17T08:28:02.828Z","2026-07-17T08:29:14.171Z","","","2026-07-17T08:29:50.205Z","",""
"⬆️","6zPENKTCuqvZDCow94bBGq2H17S21QtZwsMcreDwpump","71","5","","","","","","","","","","","","","","","","","","","","","","","","","","","","","","","","","","","","0.000002219","","","","","","","2026-07-17T08:28:14.790Z","","","","","",""
"旺旺","7XVTxEybn6RXadcgFQeTnTRviiiww8h5szq8rqEEpump","65","3.5","","","","","","","","","","","","","","","","","","","","","","","","","","","","","","","","","","","","0.000002093","","","","","","","2026-07-17T08:28:26.772Z","","","","","",""
"王王 王王","27e3bM3ebxxzptcp4nS8MKRGx2StRae9ZJAN8LBppump","57","2","","","","","","","","","","","","","","","","","","","","","","","","","","","","","","","","","","","","0.000002097","","","","","","","2026-07-17T08:28:50.812Z","","","","","",""
"FOX","Cuj4fkeMoDHfjHbm37uSmbRNnDvLhy5eqMwEnRUZpump","65","0.068000001","","","","","","","","","","","0.068000001","0","0","1","0","0","5024.64","3","157.64","157.64","0.75","0.75","140","","0","0","1","0","0","","","","","","","0.000004664","0.000005024","","","","","","2026-07-17T08:29:26.867Z","2026-07-17T08:30:25.973Z","","","","",""
"王王","5sBqpdi2jEDfFP49chXDnF77MJeDANNwGvu4pe3mpump","57","2","","","","","","","","","","","","","","","","","","","","","","","","","","","","","","","","","","","","0.000002639","","","","","","","2026-07-17T08:30:20.971Z","","","","","",""
"FIFA2026","7kSAPWyWHRrgSwJDw6zWFu1Mop7dr54zEGG1Ljy2pump","","","","","","","","","","","","","","","","","","","","","","","","","","","","","","","","","","","","","","","","","","","","6.432e-7","","","","","","2026-07-17T08:33:39.471Z",""
"NETANYAHU","rLd8L2pfhKt8SK14iRP5ABBAEB3AcyxsEzXyXetpump","65","0.059259258","","","","","","","","","","","","","","","","","","","","","","","","","","","","","","","","","","","","0.000001432","","","","","","6.602e-7","2026-07-17T08:33:51.361Z","","","","","2026-07-17T08:34:26.762Z",""
"SOLLTELL","43R44BHvDXYpFG9yPJefUWFr4SQimxThzenHGBw8pump","","","","","","","","","","","","","","","","","","","","","","","","","","","","","","","","","","","","","","","","","","","","1.097e-7","","","","","","2026-07-17T08:34:03.374Z",""
"ELANOA","66dBdnjsbATVcJH2MYFcjtbok8wQD6nvJtf1WVeqpump","","","","","","","","","","","","","","","","","","","","","","","","","","","","","","","","","","","","","","","","","","","","2.103e-7","","","","","","2026-07-17T08:34:21.353Z",""
"旺旺","H6qgm6cQM6bV4MN43SLXG1q757pAWjmDBohbJvzMs1hZ","67","3.950617282","","","","","","","","","","","","","","","","","","","","","","","","","","","","","","","","","","","","0.000002095","","","","","","","2026-07-17T08:34:33.411Z","","","","","",""
"1sol","8KxZHNTMFojvoZPaU4AgCRo4vyoaK4B4XRHFSnDxpump","","","","","","","","","","","","","","","","","","","","","","","","","","","","","","","","","","","","","","","","","","","","5.48e-7","","","","","","2026-07-17T08:35:21.368Z",""
"NET","HE7huL88Mr8zvn7vHggqsdGuuZsP9HtTnjy7WY5apump","","","","","","","","","","","","","","","","","","","","","","","","","","","","","","","","","","","","","","","","","","","","3.045e-7","","","","","","2026-07-17T08:35:57.359Z",""
"boredcoin","BCPRySrjpBa56RZZst4GMRUqisqw5m8EZGGTkBdipump","","","","","","","","","","","","","","","","","","","","","","","","","","","","","","","","","","","","","","","","","","","","1.932e-7","","","","","","2026-07-17T08:36:39.352Z",""
"YAHOO","9A1AvvAUNPDociZwS4ARWnyTMSja8NRPoHGCvFy3pump","","","","","","","","","","","","","","","","","","","","","","","","","","","","","","","","","","","","","","","","","","","","0.000001002","","","","","","2026-07-17T08:37:21.403Z",""
"王王","M1cD4ccH6EqanpfxaEFRgp8jePXrUmP3jozHmuLpump","63","4","","","","","","","","","","","","","","","","","","","","","","","","","","","","","","","","","","","","0.000003234","","","","","","","2026-07-17T08:37:27.294Z","","","","","",""
"XiaoBao","QirwmgEPkgGAm3jHTwNv1XsnR26sd89VEG1vUSbpump","63","3","","","","","","","","","","","","","","","","","","","","","","","","","","","","","","","","","","","","0.00000468","","","","","","","2026-07-17T08:38:03.444Z","","","","","",""
"WATERMELON","DHZiTVzbvs2YLGVzScWE6v2SRZGSHLAzGZLTwLtvpump","62","2.897119339","","","","","","","","","","","","","","","","","","","","","","","","","","","","","","","","","","","","0.000002076","","","","","","","2026-07-17T08:38:21.357Z","","","","","",""
"Aero","DGYDqAM4HzFcHzpBgcLetfU7nPaRMQBUkwS2vrEfpump","","","","","","","","","","","","","","","","","","","","","","","","","","","","","","","","","","","","","","","","","","","","6.607e-7","","","","","","2026-07-17T08:38:33.334Z",""
"#SDM","8FD493REmVP3bE6TAwTzCeZxDNP7jfG3UtFztE3Tpump","","","","","","","","","","","","","","","","","","","","","","","","","","","","","","","","","","","","","","","","","","","","1.338e-7","","","","","","2026-07-17T08:39:21.378Z",""
"NETANYAHU","EuUVue7wV1XL5SVcm7mtCUTrtRyfm5xt8aWKob8zpump","","","","","","","","","","","","","","","","","","","","","","","","","","","","","","","","","","","","","","","","","","","","3.416e-7","","","","","","2026-07-17T08:40:21.322Z",""
"GOKU","28DG6smsk8J3KKePLqv77mmdEL85YWpGVTgwjVY3pump","","","","","","","","","","","","","","","","","","","","","","","","","","","","","","","","","","","","","","","","","","","","7.628e-7","","","","","","2026-07-17T08:42:03.456Z",""
"BC","HprmQGLA9T4dgcq3vNiUen2sjehjWi2h515broPepump","65","0.060000001","","12.22","","","","","0","0","-77.5","44","0.060000001","0","0","1","0","0","2849.86","3","116.29","116.29","0.723","0.723","36.57","","0","0","1","0","0","-53.66795366795367","","","","","","0.000002249","0.000002849","","","0.00000132","","6.412e-7","2026-07-17T08:43:03.424Z","2026-07-17T08:44:02.505Z","","","2026-07-17T08:44:14.725Z","2026-07-17T08:44:50.502Z",""
"PEPA","9oYUFGhAsB2hpcTK2vH2q5AY7m7iy5Woudgw7ocpump","","","","","","","","","","","","","","","","","","","","","","","","","","","","","","","","","","","","","","","","","","","","2.731e-7","","","","","","2026-07-17T08:43:15.467Z",""
"Bex","58n25huvQCYSRjH6X4YarhEDfkCWm47iDE3X11f6pump","","","","","","","","","","","","","","","","","","","","","","","","","","","","","","","","","","","","","","","","","","","","3.681e-7","","","","","","2026-07-17T08:43:33.341Z",""
"BC","HhjoehZszwZQ1YGnqVrtkg4yAgAFjii7RNh7EJuNpump","","","","","","","","","","","","","","","","","","","","","","","","","","","","","","","","","","","","","","","","","","","","6.235e-7","","","","","","2026-07-17T08:43:51.363Z",""
"MENSAHOOD","8U5TfoYeUNKxiJvcYXGMfWkyB9zP6A8JeViCQHA5pump","","","","","","","","","","","","","","","","","","","","","","","","","","","","","","","","","","","","","","","","","","","","9.101e-7","","","","","","2026-07-17T08:44:27.421Z",""
"pump","5kdtuvJ48wBxkekMjKGWVW52ubZRFXkEh8bkjGPupump","","","","","","","","","","","","","","","","","","","","","","","","","","","","","","","","","","","","","","","","","","","","5.991e-8","","","","","","2026-07-17T08:44:33.350Z",""
"BC","A4uanUUzd6nStweuV7kiWNQadmEYh3NhM9PVgCBkpump","","","","","","","","","","","","","","","","","","","","","","","","","","","","","","","","","","","","","","","","","","","","1.973e-7","","","","","","2026-07-17T08:45:33.334Z",""
"مكافأة","7oegNpEa7wu21e6dUYJmmFaCeLJfLM16b6hktvaEpump","60","3.901234566","","222.203","","","","","0","0","-13.5","910","3.901234566","0","2","0","0","0","2561.03","4","2281.19","2281.19","0.667","0.667","-3.63","","0","0","1","0","0","-7.965638422491217","","","","","","0.000002959","0.000002561","","","0.000002357","","","2026-07-17T08:45:51.386Z","2026-07-17T08:47:56.502Z","","","2026-07-17T08:51:38.705Z","",""
"BARTSOUT","8szhNBEcxFzZZRA2d2N4h6EPqaEGLoiPsMLE7KUapump","","","","","","","","","","","","","","","","","","","","","","","","","","","","","","","","","","","","","","","","","","","","5.172e-7","","","","","","2026-07-17T08:46:27.361Z",""
"Solana","9EsFBmTnyCUcBddJ6mdY7CBdDGM2TVCbyXqyrAqRpump","","","","","","","","","","","","","","","","","","","","","","","","","","","","","","","","","","","","","","","","","","","","2.344e-7","","","","","","2026-07-17T08:46:51.361Z",""
"BC","Bx2FQdixmxxZDfJrKEHaqzDM9Cd3Rw45vWDZdfb5pump","","","","","","","","","","","","","","","","","","","","","","","","","","","","","","","","","","","","","","","","","","","","2.434e-8","","","","","","2026-07-17T08:49:57.327Z",""
"OP","2tHJUVdWud8yc8nibFJ3S87P2FCCeivzJDCXc7zGpump","65","0.060000001","","12.21","","","","","0","0","-98.5","14","0.060000001","0","0","1","0","0","4956.29","3","2629.4","2629.4","0.593","0.593","137","","0","0","1","0","0","-98.49515738498789","","","","","","0.00000291","0.000004956","","","7.458e-8","","7.458e-8","2026-07-17T08:50:03.317Z","2026-07-17T08:51:02.502Z","","","2026-07-17T08:51:14.712Z","2026-07-17T08:51:14.711Z",""
".01","9yuTM7M7W3jUSmZ7TEVTZseZkzLdhirxEjxu9vbqpump","96","0.15","","","","","","","","","","","","","","","","","","","","","","","","","","","","","","","","","","","","0.00000533","","","","","","1.592e-7","2026-07-17T08:51:21.342Z","","","","","2026-07-17T08:51:56.875Z",""
"KING","8vTK5KroLH3F5r3tfSTbKvgJg6M7cVBL3a31CLi9pump","","","","","","","","","","","","","","","","","","","","","","","","","","","","","","","","","","","","","","","","","","","","3.456e-7","","","","","","2026-07-17T08:51:57.496Z",""
".01","9DrYafb3apTbdZ4goor6rSADyRBwGbP13EYg9JwLpump","","","","","","","","","","","","","","","","","","","","","","","","","","","","","","","","","","","","","","","","","","","","2.068e-7","","","","","","2026-07-17T08:53:15.322Z",""
"ANSPERM","9k8LEq1vkjUvKTFMrNpU4yhhwGV2TfveTLLCpcL4pump","","","","","","","","","","","","","","","","","","","","","","","","","","","","","","","","","","","","","","","","","","","","9.841e-8","","","","","","2026-07-17T08:53:52.152Z",""
"pump","JAAo4Yua3QZEbhE6mMrQy4kCWhvSApnHbbGH8Wcgpump","63","0.476338399","","65.982","","","","","0","0","-22.3","908","0.476338399","0","3","1","0","0","86764.35","3","13566.2","13566.2","0.647","0.647","2054","","0","0","1","0","0","-94.65652374366067","","","","","","0.00000486","0.00008676","","","0.000004636","","0.000004627","2026-07-17T08:53:52.586Z","2026-07-17T08:54:50.519Z","","","2026-07-17T08:55:56.501Z","2026-07-17T08:57:50.767Z",""
"5","FbPCmf6bodgBL6jP9WaXVDbX9CSwEL6ZeY1aGeR7pump","61","4","","12.203","","","","","48.8","186","-54.7","906","4","0","2","0","0","0","7708.63","3","14723.86","14723.86","0.646","0.646","188","","0","0","1","0","1","-21.445251686559423","","","","","","0.000007334","0.000007708","","","0.000006055","","","2026-07-17T08:53:52.971Z","2026-07-17T08:54:50.525Z","","","2026-07-17T08:55:02.728Z","",""
"NANA","GP18TDpsynXi9Lt1Pp9j33WtofYTf9BGyTMkJYavpump","68","0.197530863","","47.998","","","","","17.4","74","0","904","0.197530863","0","0","1","0","0","2491.39","3","87.23","87.23","0.588","0.588","18.05","","0","0","1","0","0","-40.10437575270976","","","","","","0.000002491","0.000002491","","","0.000001492","","","2026-07-17T08:54:33.348Z","2026-07-17T08:55:32.501Z","","","2026-07-17T08:56:20.499Z","",""
"EVERYTHING","6xGuhM6LfSEPrX2ZFF9xWdhAQAX6u6zNQPEPEiNSpump","71","5","","","","","","","","","","","","","","","","","","","","","","","","","","","","","","","","","","","","0.00000218","","","","","","","2026-07-17T08:55:39.738Z","","","","","",""
"5","Gh9UXBmVnh3VeCmN3xnzKBRkEuhop7TMyJW4H5Eepump","61","4","","","","","","","","","","","","","","","","","","","","","","","","","","","","","","","","","","","","0.000002122","","","","","","","2026-07-17T08:55:40.203Z","","","","","",""
"BULLISH","BNP9qZFhydzxj47rKbyooF6C3xmq72DiMZb7ip7Fpump","77","7.88148148","auto","168.675","83.999","9.776","769.412","yes","99.2","832","-57","902","7.88148148","0","0","0","0","0","3692.86","3","1000.55","1000.55","0.737","0.737","11.16","","0","0","1","0","0","27.84398699891657","40.8754848059299","-9.25036589933694","-36.78","41.39","TRAIL_STOP","0.000003333","0.000003692","0.00000469","0.000005201122899034932","0.00000472","0.00000331","","2026-07-17T08:56:15.396Z","2026-07-17T08:57:14.504Z","2026-07-17T08:58:38.503Z","2026-07-17T08:58:48.279Z","2026-07-17T09:00:03.179Z","","2026-07-17T09:11:37.691Z"
"DOUJIN","262XWR7cxbqbgakJUyyfb8CL1WVQwhLUzTqZvcDrpump","","","","","","","","","","","","","","","","","","","","","","","","","","","","","","","","","","","","","","","","","","","","2.192e-7","","","","","","2026-07-17T08:56:27.330Z",""
"BART","4SjNigA56vfnhjPfhMxSkCze4X8cGWTqrWBdfcvgpump","","","","186.003","","","","","0","0","-0.7","908","0.098765431","1","4","0","0","0","2097.53","3","126.6","126.6","0.667","0.667","0.01","","0","0","1","0","0","0","","","","","","","0.000002097","","","0.000002097","","","","2026-07-17T08:56:38.502Z","","","2026-07-17T08:59:44.505Z","",""
"PINK","DFEcv6HDvKeNrgooRSz4gxqtPxm1GhWFGFydBQzHpump","","","","","","","","","","","","","","","","","","","","","","","","","","","","","","","","","","","","","","","","","","","","2.278e-7","","","","","","2026-07-17T08:56:39.326Z",""
"JEWS ","8XvVzALa44jM355tGrqrMhE293avmmn5YRgKxngypump","65","0.060000001","","","","","","","","","","","","","","","","","","","","","","","","","","","","","","","","","","","","0.000003217","","","","","","6.477e-7","2026-07-17T08:57:27.311Z","","","","","2026-07-17T08:58:02.709Z",""
"C GAY","8zQDPPMgz5eTBUQ6bq3bL3GweSgeENAsapm8j89ppump","66","0.080000001","","","","","","","","","","","","","","","","","","","","","","","","","","","","","","","","","","","","0.000002763","","","","","","1.988e-7","2026-07-17T08:57:51.411Z","","","","","2026-07-17T08:58:32.764Z",""
"R18","EUbd5XTFYW45d6koBBgxegX4Uregb7jyWdRbczojpump","61","0.197530863","","","","","","","","","","","","","","","","","","","","","","","","","","","","","","","","","","","","0.000004281","","","","","","5.531e-7","2026-07-17T08:58:27.333Z","","","","","2026-07-17T08:59:50.765Z",""
"at","4LfFM5EYQ3erqCjXKfNfokHZRnvf3m9A5Q4EDZwWpump","69","1.500000001","","","","","","","","","","","1.500000001","0","7","1","0","0","3129.88","3","554.63","554.63","0.6","0.6","36.11","","0","0","1","0","0","","","","","","","0.000003129","0.000003129","","","","","","2026-07-17T08:59:27.449Z","2026-07-17T09:00:26.568Z","","","","",""
"alon","HorJNN17MjNX2q4BctLv2o6kvPTAghZTf3XUBSWfpump","","","","","","","","","","","","","","","","","","","","","","","","","","","","","","","","","","","","","","","","","","","","5.455e-7","","","","","","2026-07-17T08:59:40.599Z",""
"Dollar","B2nXWZtkKdzXs16nXEJWZGeGPrUkEb5JSuV3PakApump","67","5","","","","","","","","","","","","","","","","","","","","","","","","","","","","","","","","","","","","0.000002125","","","","","","","2026-07-17T08:59:51.431Z","","","","","",""
"at","4AjyxpjENN7Dj3C1DKh6tjBbX3HzkHBSi4M9WgG4pump","","","","","","","","","","","","","","","","","","","","","","","","","","","","","","","","","","","","","","","","","","","","5.206e-7","","","","","","2026-07-17T09:00:09.305Z",""
"RISE","6HZwtEptVHpYvG6ebwbi9pg2zcAoMsbeWaLTz7ejpump","92","35.061728394","","","","","","","11.4","308","-81.5","388","35.061728394","0","0","0","0","0","10774.35","3","2851.75","2851.75","1","1","9.8","","0","0","1","0","0","","","","","","","0.00001077","0.00001077","","","","","","2026-07-17T09:00:20.716Z","2026-07-17T09:00:38.505Z","","","","",""
"huscky","59Sditgcde3La8BUC4A8yv4Z3B3R7iFb7KLN46gDpump","","","","","","","","","","","","","13.806910345","0","0","0","0","0","8531.09","3","1976.04","1976.04","1","1","0.02","","0","0","1","0","0","","","","","","","","0.000008531","","","","","","","2026-07-17T09:00:44.497Z","","","","",""
"tst","C5rZn5sthYqK2gga4HgZ5bwmckitbwxFfuT7vRhVpump","68","0.483241852","","","","","","","","","","","0.483241852","0","1","1","0","0","7282.71","3","439.99","439.99","0.708","0.708","30.68","","0","0","1","0","0","","","","","","","0.000007282","0.000007282","","","","","","2026-07-17T09:01:03.319Z","2026-07-17T09:02:08.497Z","","","","",""
"C GAY","FCQr8fkkHZwPpWY6rL65FwWW5XycuP6k3QQBgk6apump","61","0.080000001","","","","","","","","","","","","","","","","","","","","","","","","","","","","","","","","","","","","0.000002649","","","","","","","2026-07-17T09:01:09.323Z","","","","","",""
"R18","66XXF9KTirdLnwhakxqqc8yyiCze1Ad6WCEfbwLpump","61","0.296296295","","","","","","","","","","","","","","","","","","","","","","","","","","","","","","","","","","","","0.000002112","","","","","","","2026-07-17T09:01:15.384Z","","","","","",""
"at","FPHpdb2moMwNzErxCCmMua3n3NVsoJEaXFM65XQVpump","","","","","","","","","","","","","","","","","","","","","","","","","","","","","","","","","","","","","","","","","","","","6.783e-7","","","","","","2026-07-17T09:01:21.396Z",""
"iwnd","3UyJN2DBwdwwEVVzR55bCYqbZzEhTwsGSihGXcUJpump","","","","","","","","","","","","","","","","","","","","","","","","","","","","","","","","","","","","","","","","","","","","7.488e-7","","","","","","2026-07-17T09:01:51.373Z",""
"at","3BNZ2yBe9XiZMAAqubxvW6bZsAoM9DCqTCqpFEDmpump","","","","","","","","","","","","","","","","","","","","","","","","","","","","","","","","","","","","","","","","","","","","3.673e-7","","","","","","2026-07-17T09:02:03.353Z",""
"RAKA","GZP8uBED845nexgGfZo3LRvcN5oMreC23ic4tEASpump","85","2.962962961","","","","","","","","","","","2.962962961","0","0","1","0","0","3043.58","4","971.41","971.41","0.789","0.789","21","","0","0","1","0","0","","","","","","","0.000003074","0.000003043","","","","","","2026-07-17T09:02:15.373Z","2026-07-17T09:04:14.716Z","","","","",""
"vibe shift","Y7bbXqmAfPQuu8GELW5wwT3f6a61kmtFmmx9n8spump","","","","","","","","","","","","","","","","","","","","","","","","","","","","","","","","","","","","","","","","","","","","7.934e-7","","","","","","2026-07-17T09:02:27.338Z",""
"猴子币","3896JtCMnJp8UREX13EGXH82mEzrUnt8ZKNLThYRpump","63","3","","","","","","","","","","","","","","","","","","","","","","","","","","","","","","","","","","","","0.000002255","","","","","","","2026-07-17T09:02:39.398Z","","","","","",""
"vat","GTZyhH5pDjppwmgBrQ186W5fP93sfYYM1ML5QcFCpump","66","0.098765431","","48.243","","","","","61.8","10","-89.1","170","0.098765431","0","0","1","0","0","6819.54","3","308.01","308.01","0.706","0.706","225","","0","0","1","0","0","-50.740577797330985","","","","","","0.000003642","0.000006819","","","0.000003359","","0.000001207","2026-07-17T09:02:51.328Z","2026-07-17T09:03:56.498Z","","","2026-07-17T09:04:44.741Z","2026-07-17T09:06:44.727Z",""
"BOT ","5nZWUnEn4jB4nNUpZfScUH6wJQoCdZxvMfA3emqPpump","61","0.060000001","","","","","","","","","","","","","","","","","","","","","","","","","","","","","","","","","","","","0.00000127","","","","","","0.00000127","2026-07-17T09:03:03.411Z","","","","","2026-07-17T09:06:56.749Z",""
"RAKA","DkonLuNR6NN3dgAK8NXrBPJdLevVgLR31EWQhdXNpump","89","5","","","","","","","","","","","","","","","","","","","","","","","","","","","","","","","","","","","","0.00000306","","","","","","","2026-07-17T09:03:39.389Z","","","","","",""
"prosper","2mntKiZvh2D24DyDQb6D1D3PR3JYxMuBGrER4EAspump","","","","","","","","","","","","","","","","","","","","","","","","","","","","","","","","","","","","","","","","","","","","3.041e-7","","","","","","2026-07-17T09:04:09.311Z",""
"猴子币","J8NCZwDAGCwXdpxRziAPdJhT5nRxhDeivCCWooWVpump","63","3.950617282","","","","","","","","","","","","","","","","","","","","","","","","","","","","","","","","","","","","0.000006209","","","","","","","2026-07-17T09:04:39.315Z","","","","","",""
"RAKA","FXzDt9jqnXuThCrsXsQhNoEvxDFh4NAQrMxJfpqPpump","","","","","","","","","","","","","","","","","","","","","","","","","","","","","","","","","","","","","","","","","","","","8.872e-8","","","","","","2026-07-17T09:05:15.385Z",""
"ANSPERM","42tGvNZJGFowdPsTC42x5k1jA3VaqSJhXcv95X6Rpump","","","","","","","","","","","","","","","","","","","","","","","","","","","","","","","","","","","","","","","","","","","","9.155e-8","","","","","","2026-07-17T09:06:03.426Z",""
"DONTMISSOU","BCE9yoZqfYkKKpuWgiZZiKCRQ4cUa85CokGGdc8Npump","","","","","","","","","","","","","","","","","","","","","","","","","","","","","","","","","","","","","","","","","","","","4.106e-7","","","","","","2026-07-17T09:06:15.691Z",""
"MAYHEM","HQy9JnpSRCoed1w2YmVhVrCBGPCxf4gzkM561kHApump","","","","","","","","","","","","","","","","","","","","","","","","","","","","","","","","","","","","","","","","","","","","8.227e-7","","","","","","2026-07-17T09:06:33.311Z",""
"5","95d8goKEdzY7zdmmwyMkgyfSYzWsBxHaChFJKmH2pump","64","5","","","","","","","","","","","","","","","","","","","","","","","","","","","","","","","","","","","","0.000002109","","","","","","","2026-07-17T09:06:45.340Z","","","","","",""
"Ivy","4RTfNQMYrmwgJusXW4YyVDtSi5BgCrr5E56SBrfeMMUb","60","3.950617282","","12.005","","","","","","","","","3.950617282","0","2","0","0","0","11180.75","3","12485.17","12485.17","0.549","0.549","319","","0","0","1","0","1","-30.518783542039348","","","","","","0.000008927","0.00001118","","","0.000007768","","","2026-07-17T09:06:57.311Z","2026-07-17T09:07:56.496Z","","","2026-07-17T09:08:08.501Z","",""
"BURNHAM","BF4eCnbdVjM9zMHFUVzCpsinyyvqQFgwuh2yYYmTpump","79","9","","","","","","","","","","","9","0","0","0","0","0","2181.07","3","2511.69","2511.69","0.6","0.6","-38.06","","0","0","1","0","0","","","","","","","0.000002181","0.000002181","","","","","0.000002083","2026-07-17T09:08:27.623Z","2026-07-17T09:09:26.497Z","","","","2026-07-17T09:10:44.712Z",""
"HLK","JDRnvo2yWTXKKpxLysJbqaMNxXNiLaPqcuPnd4ucpump","","","","","","","","","","","","","","","","","","","","","","","","","","","","","","","","","","","","","","","","","","","","2.621e-7","","","","","","2026-07-17T09:08:45.310Z",""
"ゴジラ","89BmH4DSgB8Xh8VLiVya3RH83tS1KnWDVSwPQD3Zpump","69","4.345679011","auto","114.463","0.029","17.46","128.481","yes","","","","","4.345679011","0","0","0","0","0","5524.78","3","12797.91","12797.91","0.587","0.587","102","","0","0","1","0","1","-8.870383779869652","5.488335357688707","-13.611665298225601","-14.69","0","STOP_LOSS","0.000005449","0.000005524","0.000005524","0.000005827175645158724","0.000005034","0.000004537","","2026-07-17T09:08:51.333Z","2026-07-17T09:10:08.711Z","2026-07-17T09:10:08.740Z","2026-07-17T09:10:26.200Z","2026-07-17T09:12:03.174Z","","2026-07-17T09:12:34.681Z"
"Alon","2qy3b9fwbFQ6GTCsZghp3S92pr8DYx4yxFrUAxGQpump","61","0.059259258","","","","","","","","","","","0.059259258","0","1","1","0","0","2962.89","3","16.41","16.41","0.571","0.571","41.61","","0","0","1","0","0","","","","","","","0.000002962","0.000002962","","","","","","2026-07-17T09:09:27.312Z","2026-07-17T09:10:26.513Z","","","","",""
"Ivy","Fh7xNXPbAzwZtuScYfqE7mN37TzLfp4ooRhgCaQFpump","63","3","","","","","","","","","","","3","0","0","0","0","0","2180.63","3","656.56","656.56","0.571","0.571","-13.53","","0","0","1","0","0","","","","","","","0.00000218","0.00000218","","","","","","2026-07-17T09:09:45.383Z","2026-07-17T09:10:44.495Z","","","","",""
"REM","BaXkKkoq6AtS2Yx8W4seVC4qoSKPuScrzHsUMPffpump","","","","","","","","","","","","","","","","","","","","","","","","","","","","","","","","","","","","","","","","","","","","5.506e-7","","","","","","2026-07-17T09:09:51.339Z",""
"WIF","EC1fZBQuNa7jGDCE5LXtXvuvHxzfbJdhGzxXQTjMpump","67","5","","","","","","","","","","","","","","","","","","","","","","","","","","","","","","","","","","","","0.00000218","","","","","","","2026-07-17T09:10:03.394Z","","","","","",""
"REM","7xysBYQHAv26UN7qK4J8u9HxFvbfHaDkgA9PVf8Wpump","","","","","","","","","","","","","","","","","","","","","","","","","","","","","","","","","","","","","","","","","","","","3.885e-7","","","","","","2026-07-17T09:10:45.330Z",""
"CRABCAT","23s15mY3eqrCuiKXi2oWUKmk3aJFLBB5MHjEDyoipump","68","0.250000001","","","","","","","","","","","","","","","","","","","","","","","","","","","","","","","","","","","","0.000002118","","","","","","0.000001186","2026-07-17T09:11:51.440Z","","","","","2026-07-17T09:12:32.715Z",""
"REM","DYf64EgkWg5ZV6Pe4PuT878wysS9nnAojTtyxAB3pump","75","4.938271603","","","","","","","","","","","","","","","","","","","","","","","","","","","","","","","","","","","","0.000005976","","","","","","","2026-07-17T09:12:03.379Z","","","","","",""
"ANSPERM","8QeCcXteF1oXnxQEr1XG73kU1zpdfayqynpFtfcfpump","","","","","","","","","","","","","","","","","","","","","","","","","","","","","","","","","","","","","","","","","","","","1.855e-8","","","","","","2026-07-17T09:12:21.732Z",""